date,value
2016-05-19,13817.2998046875
2016-05-20,13919.599609375
2016-05-24,13952.900390625
2016-05-25,14053.7001953125
2016-05-26,14049.2001953125
2016-05-27,14105.2001953125
2016-05-30,14086.7001953125
2016-05-31,14065.7998046875
2016-06-01,14063.5
2016-06-02,14137.0
2016-06-03,14226.7998046875
2016-06-06,14276.2001953125
2016-06-07,14365.599609375
2016-06-08,14313.099609375
2016-06-09,14240.0
2016-06-10,14037.5
2016-06-13,13993.900390625
2016-06-14,13884.2001953125
2016-06-15,13923.5
2016-06-16,13882.400390625
2016-06-17,13901.7998046875
2016-06-20,14015.099609375
2016-06-21,14012.2998046875
2016-06-22,14003.7998046875
2016-06-23,14131.400390625
2016-06-24,13891.900390625
2016-06-27,13689.7998046875
2016-06-28,13842.7001953125
2016-06-29,14036.7001953125
2016-06-30,14064.5
2016-07-04,14258.900390625
2016-07-05,14219.599609375
2016-07-06,14231.099609375
2016-07-07,14134.5
2016-07-08,14259.7998046875
2016-07-11,14361.900390625
2016-07-12,14477.7001953125
2016-07-13,14493.7998046875
2016-07-14,14514.5
2016-07-15,14482.400390625
2016-07-18,14532.400390625
2016-07-19,14524.599609375
2016-07-20,14533.599609375
2016-07-21,14565.7998046875
2016-07-22,14600.7001953125
2016-07-25,14498.099609375
2016-07-26,14550.0
2016-07-27,14546.5
2016-07-28,14552.7001953125
2016-07-29,14582.7001953125
2016-08-02,14477.0
2016-08-03,14512.099609375
2016-08-04,14528.7998046875
2016-08-05,14648.7998046875
2016-08-08,14755.599609375
2016-08-09,14801.2001953125
2016-08-10,14775.0
2016-08-11,14796.099609375
2016-08-12,14747.5
2016-08-15,14777.0
2016-08-16,14703.400390625
2016-08-17,14697.599609375
2016-08-18,14695.7001953125
2016-08-19,14687.5
2016-08-22,14748.2001953125
2016-08-23,14764.7998046875
2016-08-24,14626.2001953125
2016-08-25,14630.7001953125
2016-08-26,14639.900390625
2016-08-29,14682.0
2016-08-30,14684.900390625
2016-08-31,14598.0
2016-09-01,14683.900390625
2016-09-02,14795.7001953125
2016-09-06,14813.0
2016-09-07,14796.7998046875
2016-09-08,14803.2998046875
2016-09-09,14540.0
2016-09-12,14597.099609375
2016-09-13,14349.099609375
2016-09-14,14366.5
2016-09-15,14503.7001953125
2016-09-16,14450.7001953125
2016-09-19,14496.2001953125
2016-09-20,14522.0
2016-09-21,14710.7998046875
2016-09-22,14797.2001953125
2016-09-23,14697.900390625
2016-09-26,14619.5
2016-09-27,14558.0
2016-09-28,14731.400390625
2016-09-29,14754.599609375
2016-09-30,14725.900390625
2016-10-03,14689.0
2016-10-04,14521.0
2016-10-05,14610.599609375
2016-10-06,14595.5
2016-10-07,14566.2998046875
2016-10-11,14549.599609375
2016-10-12,14619.0
2016-10-13,14643.7001953125
2016-10-14,14585.0
2016-10-17,14596.5
2016-10-18,14752.2998046875
2016-10-19,14840.5
2016-10-20,14847.900390625
2016-10-21,14939.0
2016-10-24,14923.0
2016-10-25,14870.599609375
2016-10-26,14807.599609375
2016-10-27,14833.7998046875
2016-10-28,14785.2998046875
2016-10-31,14787.2998046875
2016-11-01,14778.2998046875
2016-11-02,14594.7001953125
2016-11-03,14583.400390625
2016-11-04,14509.2998046875
2016-11-07,14652.5
2016-11-08,14656.7998046875
2016-11-09,14759.900390625
2016-11-10,14744.2998046875
2016-11-11,14555.400390625
2016-11-14,14598.5
2016-11-15,14756.099609375
2016-11-16,14733.2001953125
2016-11-17,14826.099609375
2016-11-18,14864.0
2016-11-21,15039.900390625
2016-11-22,15100.400390625
2016-11-23,15080.900390625
2016-11-24,15075.2001953125
2016-11-25,15075.400390625
2016-11-28,15015.400390625
2016-11-29,14999.7998046875
2016-11-30,15082.900390625
2016-12-01,15027.5
2016-12-02,15052.5
2016-12-05,15095.2001953125
2016-12-06,15125.7998046875
2016-12-07,15237.7998046875
2016-12-08,15295.2001953125
2016-12-09,15312.2001953125
2016-12-12,15287.7001953125
2016-12-13,15385.2998046875
2016-12-14,15197.2001953125
2016-12-15,15218.2998046875
2016-12-16,15252.2001953125
2016-12-19,15269.900390625
2016-12-20,15293.0
2016-12-21,15305.900390625
2016-12-22,15335.2001953125
2016-12-23,15328.2001953125
2016-12-28,15361.099609375
2016-12-29,15422.099609375
2016-12-30,15287.599609375
2017-01-03,15403.0
2017-01-04,15516.7998046875
2017-01-05,15586.599609375
2017-01-06,15496.099609375
2017-01-09,15389.0
2017-01-10,15426.2998046875
2017-01-11,15491.5
2017-01-12,15418.2001953125
2017-01-13,15497.2998046875
2017-01-16,15479.2998046875
2017-01-17,15441.400390625
2017-01-18,15397.900390625
2017-01-19,15409.7998046875
2017-01-20,15547.900390625
2017-01-23,15480.099609375
2017-01-24,15610.7001953125
2017-01-25,15643.7998046875
2017-01-26,15615.5
2017-01-27,15575.7998046875
2017-01-30,15405.099609375
2017-01-31,15386.0
2017-02-01,15402.400390625
2017-02-02,15399.099609375
2017-02-03,15476.400390625
2017-02-06,15456.900390625
2017-02-07,15498.7998046875
2017-02-08,15554.0
2017-02-09,15617.2998046875
2017-02-10,15729.099609375
2017-02-13,15756.599609375
2017-02-14,15786.0
2017-02-15,15845.0
2017-02-16,15864.2001953125
2017-02-17,15838.599609375
2017-02-21,15922.400390625
2017-02-22,15830.2001953125
2017-02-23,15781.2001953125
2017-02-24,15533.5
2017-02-27,15463.5
2017-02-28,15399.2001953125
2017-03-01,15599.7001953125
2017-03-02,15536.7001953125
2017-03-03,15608.5
2017-03-06,15629.7998046875
2017-03-07,15608.7998046875
2017-03-08,15497.0
2017-03-09,15496.7998046875
2017-03-10,15506.7001953125
2017-03-13,15544.7998046875
2017-03-14,15379.599609375
2017-03-15,15520.900390625
2017-03-16,15562.400390625
2017-03-17,15490.5
2017-03-20,15442.2998046875
2017-03-21,15313.099609375
2017-03-22,15348.5
2017-03-23,15433.599609375
2017-03-24,15442.7001953125
2017-03-27,15506.2001953125
2017-03-28,15598.599609375
2017-03-29,15657.599609375
2017-03-30,15578.7998046875
2017-03-31,15547.7998046875
2017-04-03,15584.400390625
2017-04-04,15669.099609375
2017-04-05,15643.0
2017-04-06,15697.2001953125
2017-04-07,15667.099609375
2017-04-10,15730.7998046875
2017-04-11,15727.099609375
2017-04-12,15648.400390625
2017-04-13,15535.5
2017-04-17,15684.900390625
2017-04-18,15622.599609375
2017-04-19,15552.900390625
2017-04-20,15625.599609375
2017-04-21,15614.5
2017-04-24,15712.5
2017-04-25,15745.2001953125
2017-04-26,15649.5
2017-04-27,15506.5
2017-04-28,15586.099609375
2017-05-01,15575.599609375
2017-05-02,15619.7001953125
2017-05-03,15543.099609375
2017-05-04,15396.7001953125
2017-05-05,15582.0
2017-05-08,15652.099609375
2017-05-09,15569.2001953125
2017-05-10,15633.2001953125
2017-05-11,15550.599609375
2017-05-12,15537.900390625
2017-05-15,15629.5
2017-05-16,15543.2998046875
2017-05-17,15273.7001953125
2017-05-18,15277.2001953125
2017-05-19,15458.5
2017-05-23,15476.900390625
2017-05-24,15419.5
2017-05-25,15410.7001953125
2017-05-26,15416.900390625
2017-05-29,15421.900390625
2017-05-30,15372.400390625
2017-05-31,15349.900390625
2017-06-01,15469.900390625
2017-06-02,15442.7998046875
2017-06-05,15409.7998046875
2017-06-06,15464.599609375
2017-06-07,15372.099609375
2017-06-08,15423.099609375
2017-06-09,15473.2001953125
2017-06-12,15383.7998046875
2017-06-13,15379.7998046875
2017-06-14,15170.099609375
2017-06-15,15160.400390625
2017-06-16,15192.5
2017-06-19,15266.0
2017-06-20,15149.599609375
2017-06-21,15148.5
2017-06-22,15219.900390625
2017-06-23,15319.599609375
2017-06-26,15316.0
2017-06-27,15281.2001953125
2017-06-28,15355.599609375
2017-06-29,15213.400390625
2017-06-30,15182.2001953125
2017-07-04,15130.599609375
2017-07-05,15153.099609375
2017-07-06,15078.0
2017-07-07,15027.2001953125
2017-07-10,15105.2998046875
2017-07-11,15149.099609375
2017-07-12,15144.0
2017-07-13,15135.0
2017-07-14,15174.7998046875
2017-07-17,15165.400390625
2017-07-18,15149.599609375
2017-07-19,15244.7001953125
2017-07-20,15264.599609375
2017-07-21,15183.099609375
2017-07-24,15128.7001953125
2017-07-25,15202.400390625
2017-07-26,15171.400390625
2017-07-27,15191.400390625
2017-07-28,15128.7001953125
2017-07-31,15143.900390625
2017-08-01,15202.099609375
2017-08-02,15265.599609375
2017-08-03,15192.0
2017-08-04,15258.0
2017-08-08,15256.400390625
2017-08-09,15217.2998046875
2017-08-10,15074.2998046875
2017-08-11,15033.400390625
2017-08-14,15119.900390625
2017-08-15,15097.7998046875
2017-08-16,15082.2001953125
2017-08-17,15033.599609375
2017-08-18,14952.2998046875
2017-08-21,14951.900390625
2017-08-22,14985.0
2017-08-23,15063.2001953125
2017-08-24,15076.2001953125
2017-08-25,15056.0
2017-08-28,15052.0
2017-08-29,15082.7001953125
2017-08-30,15133.099609375
2017-08-31,15211.900390625
2017-09-01,15191.599609375
2017-09-05,15090.2001953125
2017-09-06,15059.7998046875
2017-09-07,15024.5
2017-09-08,14985.2998046875
2017-09-11,15040.2998046875
2017-09-12,15143.400390625
2017-09-13,15126.7998046875
2017-09-14,15172.7001953125
2017-09-15,15173.0
2017-09-18,15236.7001953125
2017-09-19,15293.0
2017-09-20,15389.599609375
2017-09-21,15454.900390625
2017-09-22,15454.2001953125
2017-09-25,15516.2001953125
2017-09-26,15474.099609375
2017-09-27,15609.7001953125
2017-09-28,15618.2998046875
2017-09-29,15634.900390625
2017-10-02,15705.0
2017-10-03,15728.5
2017-10-04,15721.0
2017-10-05,15776.2998046875
2017-10-06,15728.2998046875
2017-10-10,15770.400390625
2017-10-11,15800.400390625
2017-10-12,15742.2001953125
2017-10-13,15807.2001953125
2017-10-16,15802.7001953125
2017-10-17,15816.900390625
2017-10-18,15782.2001953125
2017-10-19,15818.0
2017-10-20,15857.2001953125
2017-10-23,15855.7998046875
2017-10-24,15905.099609375
2017-10-25,15854.7998046875
2017-10-26,15891.599609375
2017-10-27,15953.5
2017-10-30,16002.7998046875
2017-10-31,16025.599609375
2017-11-01,16029.2998046875
2017-11-02,16015.0
2017-11-03,16020.2001953125
2017-11-06,16092.2001953125
2017-11-07,16131.7998046875
2017-11-08,16105.400390625
2017-11-09,16082.099609375
2017-11-10,16039.2998046875
2017-11-13,16026.2998046875
2017-11-14,15913.099609375
2017-11-15,15878.5
2017-11-16,15935.400390625
2017-11-17,15998.599609375
2017-11-20,16004.400390625
2017-11-21,16076.7001953125
2017-11-22,16073.599609375
2017-11-23,16074.2998046875
2017-11-24,16108.099609375
2017-11-27,16042.099609375
2017-11-28,16029.599609375
2017-11-29,15967.7001953125
2017-11-30,16067.5
2017-12-01,16039.0
2017-12-04,15969.0
2017-12-05,15915.7001953125
2017-12-06,15908.7998046875
2017-12-07,16015.7001953125
2017-12-08,16096.099609375
2017-12-11,16103.5
2017-12-12,16114.0
2017-12-13,16136.599609375
2017-12-14,16016.5
2017-12-15,16042.0
2017-12-18,16131.599609375
2017-12-19,16133.400390625
2017-12-20,16159.7001953125
2017-12-21,16182.599609375
2017-12-22,16165.2998046875
2017-12-27,16203.099609375
2017-12-28,16222.0
2017-12-29,16209.099609375
2018-01-02,16310.0
2018-01-03,16371.599609375
2018-01-04,16412.900390625
2018-01-05,16349.400390625
2018-01-08,16317.7001953125
2018-01-09,16319.2001953125
2018-01-10,16248.0
2018-01-11,16286.900390625
2018-01-12,16308.2001953125
2018-01-15,16371.7998046875
2018-01-16,16298.900390625
2018-01-17,16326.7001953125
2018-01-18,16284.5
2018-01-19,16353.5
2018-01-22,16348.0
2018-01-23,16357.599609375
2018-01-24,16284.2001953125
2018-01-25,16204.0
2018-01-26,16239.2001953125
2018-01-29,16094.7001953125
2018-01-30,15955.5
2018-01-31,15951.7001953125
2018-02-01,15860.900390625
2018-02-02,15606.0
2018-02-05,15334.7998046875
2018-02-06,15363.900390625
2018-02-07,15330.599609375
2018-02-08,15065.599609375
2018-02-09,15034.5
2018-02-12,15241.900390625
2018-02-13,15216.5
2018-02-14,15328.2998046875
2018-02-15,15407.7001953125
2018-02-16,15452.599609375
2018-02-20,15439.400390625
2018-02-21,15524.0
2018-02-22,15508.2001953125
2018-02-23,15638.5
2018-02-26,15714.7001953125
2018-02-27,15671.2001953125
2018-02-28,15442.7001953125
2018-03-01,15394.0
2018-03-02,15384.599609375
2018-03-05,15541.2998046875
2018-03-06,15545.2001953125
2018-03-07,15472.599609375
2018-03-08,15538.7001953125
2018-03-09,15577.7998046875
2018-03-12,15604.7998046875
2018-03-13,15647.099609375
2018-03-14,15653.599609375
2018-03-15,15670.599609375
2018-03-16,15711.2998046875
2018-03-19,15589.400390625
2018-03-20,15616.400390625
2018-03-21,15675.2998046875
2018-03-22,15399.900390625
2018-03-23,15223.7001953125
2018-03-26,15298.599609375
2018-03-27,15216.2001953125
2018-03-28,15169.900390625
2018-03-29,15367.2998046875
2018-04-02,15213.5
2018-04-03,15180.7998046875
2018-04-04,15164.400390625
2018-04-05,15356.099609375
2018-04-06,15207.400390625
2018-04-09,15227.7001953125
2018-04-10,15262.099609375
2018-04-11,15257.900390625
2018-04-12,15269.2998046875
2018-04-13,15274.0
2018-04-16,15300.400390625
2018-04-17,15353.2998046875
2018-04-18,15530.0
2018-04-19,15454.400390625
2018-04-20,15484.2998046875
2018-04-23,15552.099609375
2018-04-24,15477.0
2018-04-25,15509.7998046875
2018-04-26,15637.599609375
2018-04-27,15668.900390625
2018-04-30,15607.900390625
2018-05-01,15618.900390625
2018-05-02,15627.900390625
2018-05-03,15621.5
2018-05-04,15729.400390625
2018-05-07,15808.599609375
2018-05-08,15842.7001953125
2018-05-09,15910.7998046875
2018-05-10,15959.5
2018-05-11,15983.2998046875
2018-05-14,16085.599609375
2018-05-15,16097.7998046875
2018-05-16,16108.099609375
2018-05-17,16143.599609375
2018-05-18,16162.2998046875
2018-05-22,16144.7998046875
2018-05-23,16133.7998046875
2018-05-24,16113.599609375
2018-05-25,16075.7001953125
2018-05-28,16016.099609375
2018-05-29,15922.599609375
2018-05-30,16048.7001953125
2018-05-31,16061.5
2018-06-01,16043.5
2018-06-04,16052.2001953125
2018-06-05,16122.2998046875
2018-06-06,16183.900390625
2018-06-07,16192.7998046875
2018-06-08,16202.7001953125
2018-06-11,16263.2998046875
2018-06-12,16289.0
2018-06-13,16265.7998046875
2018-06-14,16329.0
2018-06-15,16314.400390625
2018-06-18,16383.599609375
2018-06-19,16316.5
2018-06-20,16421.0
2018-06-21,16335.2001953125
2018-06-22,16450.099609375
2018-06-25,16184.0
2018-06-26,16280.099609375
2018-06-27,16231.2998046875
2018-06-28,16179.900390625
2018-06-29,16277.7001953125
2018-07-03,16263.2001953125
2018-07-04,16304.7001953125
2018-07-05,16266.599609375
2018-07-06,16371.7998046875
2018-07-09,16452.30078125
2018-07-10,16548.69921875
2018-07-11,16417.30078125
2018-07-12,16567.400390625
2018-07-13,16561.099609375
2018-07-16,16494.69921875
2018-07-17,16519.19921875
2018-07-18,16477.400390625
2018-07-19,16543.0
2018-07-20,16435.5
2018-07-23,16420.80078125
2018-07-24,16390.099609375
2018-07-25,16420.80078125
2018-07-26,16455.69921875
2018-07-27,16394.0
2018-07-30,16345.5
2018-07-31,16434.0
2018-08-01,16376.7998046875
2018-08-02,16409.19921875
2018-08-03,16420.19921875
2018-08-07,16286.2998046875
2018-08-08,16315.099609375
2018-08-09,16417.0
2018-08-10,16326.5
2018-08-13,16250.7998046875
2018-08-14,16330.7001953125
2018-08-15,16148.5
2018-08-16,16225.7001953125
2018-08-17,16323.7001953125
2018-08-20,16331.0
2018-08-21,16297.0
2018-08-22,16347.2998046875
2018-08-23,16326.7998046875
2018-08-24,16356.099609375
2018-08-27,16444.400390625
2018-08-28,16355.5
2018-08-29,16390.30078125
2018-08-30,16371.599609375
2018-08-31,16262.900390625
2018-09-04,16161.2998046875
2018-09-05,16137.599609375
2018-09-06,16100.900390625
2018-09-07,16090.2998046875
2018-09-10,16057.099609375
2018-09-11,16094.2998046875
2018-09-12,16049.0
2018-09-13,16001.7001953125
2018-09-14,16013.5
2018-09-17,16082.2998046875
2018-09-18,16196.0
2018-09-19,16149.900390625
2018-09-20,16214.7998046875
2018-09-21,16224.099609375
2018-09-24,16207.2998046875
2018-09-25,16159.5
2018-09-26,16169.2998046875
2018-09-27,16204.599609375
2018-09-28,16073.099609375
2018-10-01,16104.400390625
2018-10-02,16017.2001953125
2018-10-03,16072.099609375
2018-10-04,16006.7001953125
2018-10-05,15946.2001953125
2018-10-09,15854.099609375
2018-10-10,15517.400390625
2018-10-11,15317.099609375
2018-10-12,15414.2998046875
2018-10-15,15409.5
2018-10-16,15579.7001953125
2018-10-17,15529.900390625
2018-10-18,15404.099609375
2018-10-19,15470.099609375
2018-10-22,15412.7001953125
2018-10-23,15285.2001953125
2018-10-24,14909.099609375
2018-10-25,14924.099609375
2018-10-26,14888.2998046875
2018-10-29,14721.7998046875
2018-10-30,14894.5
2018-10-31,15027.2998046875
2018-11-01,15150.2001953125
2018-11-02,15119.2998046875
2018-11-05,15217.7001953125
2018-11-06,15292.7001953125
2018-11-07,15369.400390625
2018-11-08,15357.5
2018-11-09,15274.400390625
2018-11-12,15156.400390625
2018-11-13,15131.7998046875
2018-11-14,15133.099609375
2018-11-15,15144.900390625
2018-11-16,15155.5
2018-11-19,15071.0
2018-11-20,14877.0
2018-11-21,15095.0
2018-11-22,15091.599609375
2018-11-23,15010.7001953125
2018-11-26,15012.7001953125
2018-11-27,14944.099609375
2018-11-28,15171.2998046875
2018-11-29,15194.0
2018-11-30,15197.7998046875
2018-12-03,15275.0
2018-12-04,15063.599609375
2018-12-05,15182.599609375
2018-12-06,14937.0
2018-12-07,14795.099609375
2018-12-10,14728.2998046875
2018-12-11,14667.7998046875
2018-12-12,14783.099609375
2018-12-13,14750.400390625
2018-12-14,14595.099609375
2018-12-17,14362.7001953125
2018-12-18,14416.900390625
2018-12-19,14264.099609375
2018-12-20,14141.7998046875
2018-12-21,13935.400390625
2018-12-24,13780.2001953125
2018-12-27,14165.2001953125
2018-12-28,14222.0
2018-12-31,14322.900390625
2019-01-02,14347.2001953125
2019-01-03,14212.7998046875
2019-01-04,14426.599609375
2019-01-07,14504.099609375
2019-01-08,14605.2001953125
2019-01-09,14804.7001953125
2019-01-10,14903.5
2019-01-11,14939.2001953125
2019-01-14,14975.5
2019-01-15,15046.2998046875
2019-01-16,15111.2998046875
2019-01-17,15211.2001953125
2019-01-18,15303.7998046875
2019-01-21,15354.2001953125
2019-01-22,15233.7998046875
2019-01-23,15208.2998046875
2019-01-24,15280.7998046875
2019-01-25,15366.099609375
2019-01-28,15378.599609375
2019-01-29,15463.099609375
2019-01-30,15484.599609375
2019-01-31,15540.599609375
2019-02-01,15506.2998046875
2019-02-04,15602.2998046875
2019-02-05,15702.7001953125
2019-02-06,15712.2998046875
2019-02-07,15703.400390625
2019-02-08,15633.2998046875
2019-02-11,15568.900390625
2019-02-12,15642.099609375
2019-02-13,15626.7001953125
2019-02-14,15696.0
2019-02-15,15838.2001953125
2019-02-19,15937.400390625
2019-02-20,16031.2001953125
2019-02-21,16000.900390625
2019-02-22,16013.0
2019-02-25,16057.0
2019-02-26,16067.900390625
2019-02-27,16074.2998046875
2019-02-28,15999.0
2019-03-01,16068.2998046875
2019-03-04,16038.099609375
2019-03-05,16086.5
2019-03-06,16092.099609375
2019-03-07,16056.5
2019-03-08,15996.2001953125
2019-03-11,16106.2001953125
2019-03-12,16136.7001953125
2019-03-13,16150.0
2019-03-14,16087.599609375
2019-03-15,16140.400390625
2019-03-18,16251.400390625
2019-03-19,16188.099609375
2019-03-20,16167.599609375
2019-03-21,16244.599609375
2019-03-22,16089.2998046875
2019-03-25,16065.900390625
2019-03-26,16155.2001953125
2019-03-27,16132.5
2019-03-28,16155.5
2019-03-29,16102.099609375
2019-04-01,16228.099609375
2019-04-02,16263.900390625
2019-04-03,16279.900390625
2019-04-04,16311.599609375
2019-04-05,16396.19921875
2019-04-08,16407.30078125
2019-04-09,16336.5
2019-04-10,16396.30078125
2019-04-11,16399.5
2019-04-12,16480.5
2019-04-15,16515.5
2019-04-16,16502.19921875
2019-04-17,16544.19921875
2019-04-18,16612.80078125
2019-04-22,16577.30078125
2019-04-23,16669.400390625
2019-04-24,16586.5
2019-04-25,16576.099609375
2019-04-26,16613.5
2019-04-29,16600.400390625
2019-04-30,16580.69921875
2019-05-01,16502.80078125
2019-05-02,16410.900390625
2019-05-03,16494.400390625
2019-05-06,16493.5
2019-05-07,16357.7998046875
2019-05-08,16397.400390625
2019-05-09,16321.7998046875
2019-05-10,16297.599609375
2019-05-13,16193.400390625
2019-05-14,16284.5
2019-05-15,16318.099609375
2019-05-16,16443.900390625
2019-05-17,16401.80078125
2019-05-21,16426.5
2019-05-22,16327.400390625
2019-05-23,16164.599609375
2019-05-24,16230.0
2019-05-27,16346.7001953125
2019-05-28,16297.5
2019-05-29,16131.5
2019-05-30,16089.2001953125
2019-05-31,16037.5
2019-06-03,16015.900390625
2019-06-04,16166.2001953125
2019-06-05,16212.7001953125
2019-06-06,16227.7998046875
2019-06-07,16231.0
2019-06-10,16216.2998046875
2019-06-11,16248.7998046875
2019-06-12,16227.2001953125
2019-06-13,16239.2998046875
2019-06-14,16301.900390625
2019-06-17,16353.5
2019-06-18,16503.400390625
2019-06-19,16511.80078125
2019-06-20,16574.80078125
2019-06-21,16525.400390625
2019-06-24,16523.5
2019-06-25,16371.2998046875
2019-06-26,16312.2001953125
2019-06-27,16307.7001953125
2019-06-28,16382.2001953125
2019-07-02,16471.30078125
2019-07-03,16576.19921875
2019-07-04,16588.900390625
2019-07-05,16542.0
2019-07-08,16463.0
2019-07-09,16545.19921875
2019-07-10,16563.30078125
2019-07-11,16527.900390625
2019-07-12,16488.099609375
2019-07-15,16510.80078125
2019-07-16,16502.400390625
2019-07-17,16484.19921875
2019-07-18,16494.19921875
2019-07-19,16485.900390625
2019-07-22,16518.900390625
2019-07-23,16572.69921875
2019-07-24,16611.80078125
2019-07-25,16488.19921875
2019-07-26,16531.0
2019-07-29,16492.19921875
2019-07-30,16466.099609375
2019-07-31,16406.599609375
2019-08-01,16377.0
2019-08-02,16271.7001953125
2019-08-06,16149.5
2019-08-07,16265.2001953125
2019-08-08,16404.5
2019-08-09,16341.2998046875
2019-08-12,16237.7998046875
2019-08-13,16350.7998046875
2019-08-14,16045.900390625
2019-08-15,16012.5
2019-08-16,16149.7998046875
2019-08-19,16304.099609375
2019-08-20,16213.2998046875
2019-08-21,16309.2001953125
2019-08-22,16253.5
2019-08-23,16037.599609375
2019-08-26,16098.7998046875
2019-08-27,16183.599609375
2019-08-28,16271.7001953125
2019-08-29,16384.5
2019-08-30,16442.099609375
2019-09-03,16399.19921875
2019-09-04,16448.80078125
2019-09-05,16574.80078125
2019-09-06,16535.30078125
2019-09-09,16495.099609375
2019-09-10,16537.30078125
2019-09-11,16611.099609375
2019-09-12,16643.30078125
2019-09-13,16682.400390625
2019-09-16,16751.30078125
2019-09-17,16834.80078125
2019-09-18,16800.30078125
2019-09-19,16858.400390625
2019-09-20,16899.69921875
2019-09-23,16867.19921875
2019-09-24,16798.30078125
2019-09-25,16784.30078125
2019-09-26,16790.400390625
2019-09-27,16694.30078125
2019-09-30,16658.599609375
2019-10-01,16447.69921875
2019-10-02,16311.0
2019-10-03,16369.0
2019-10-04,16449.400390625
2019-10-07,16421.80078125
2019-10-08,16294.0
2019-10-09,16379.900390625
2019-10-10,16422.69921875
2019-10-11,16415.19921875
2019-10-15,16418.400390625
2019-10-16,16427.19921875
2019-10-17,16426.30078125
2019-10-18,16377.099609375
2019-10-21,16418.5
2019-10-22,16391.5
2019-10-23,16335.900390625
2019-10-24,16369.2998046875
2019-10-25,16404.5
2019-10-28,16387.5
2019-10-29,16418.099609375
2019-10-30,16501.400390625
2019-10-31,16483.19921875
2019-11-01,16594.099609375
2019-11-04,16669.80078125
2019-11-05,16681.900390625
2019-11-06,16745.599609375
2019-11-07,16805.80078125
2019-11-08,16877.400390625
2019-11-11,16882.80078125
2019-11-12,16909.400390625
2019-11-13,16958.0
2019-11-14,16972.19921875
2019-11-15,17028.5
2019-11-18,17025.099609375
2019-11-19,17011.400390625
2019-11-20,17005.80078125
2019-11-21,16999.19921875
2019-11-22,16954.80078125
2019-11-25,17032.900390625
2019-11-26,17035.900390625
2019-11-27,17100.599609375
2019-11-28,17114.5
2019-11-29,17040.19921875
2019-12-02,16981.5
2019-12-03,16892.19921875
2019-12-04,16897.30078125
2019-12-05,16854.900390625
2019-12-06,16997.0
2019-12-09,16950.900390625
2019-12-10,16950.69921875
2019-12-11,16939.599609375
2019-12-12,16946.900390625
2019-12-13,17003.099609375
2019-12-16,17056.400390625
2019-12-17,17075.19921875
2019-12-18,17032.0
2019-12-19,17064.0
2019-12-20,17118.400390625
2019-12-23,17128.69921875
2019-12-24,17180.19921875
2019-12-27,17168.19921875
2019-12-30,17098.599609375
2019-12-31,17063.400390625
2020-01-02,17100.0
2020-01-03,17066.099609375
2020-01-06,17105.5
2020-01-07,17168.099609375
2020-01-08,17167.80078125
2020-01-09,17235.599609375
2020-01-10,17234.5
2020-01-13,17293.400390625
2020-01-14,17352.900390625
2020-01-15,17415.19921875
2020-01-16,17484.80078125
2020-01-17,17559.0
2020-01-20,17597.400390625
2020-01-21,17572.30078125
2020-01-22,17599.900390625
2020-01-23,17621.80078125
2020-01-24,17565.30078125
2020-01-27,17442.5
2020-01-28,17500.900390625
2020-01-29,17511.80078125
2020-01-30,17490.599609375
2020-01-31,17318.5
2020-02-03,17379.80078125
2020-02-04,17512.69921875
2020-02-05,17651.599609375
2020-02-06,17757.5
2020-02-07,17655.5
2020-02-10,17740.599609375
2020-02-11,17777.099609375
2020-02-12,17832.900390625
2020-02-13,17821.19921875
2020-02-14,17848.400390625
2020-02-18,17858.30078125
2020-02-19,17925.400390625
2020-02-20,17944.099609375
2020-02-21,17843.5
2020-02-24,17562.69921875
2020-02-25,17177.400390625
2020-02-26,17041.900390625
2020-02-27,16717.400390625
2020-02-28,16263.099609375
2020-03-02,16553.30078125
2020-03-03,16423.599609375
2020-03-04,16779.5
2020-03-05,16554.0
2020-03-06,16175.0
2020-03-09,14514.2001953125
2020-03-10,14958.099609375
2020-03-11,14270.099609375
2020-03-12,12508.5
2020-03-13,13716.2998046875
2020-03-16,12360.400390625
2020-03-17,12685.2001953125
2020-03-18,11721.400390625
2020-03-19,12170.5
2020-03-20,11851.7998046875
2020-03-23,11228.5
2020-03-24,12571.099609375
2020-03-25,13139.2001953125
2020-03-26,13371.2001953125
2020-03-27,12687.7001953125
2020-03-30,13038.5
2020-03-31,13378.7998046875
2020-04-01,12876.400390625
2020-04-02,13097.7998046875
2020-04-03,12938.2998046875
2020-04-06,13592.7001953125
2020-04-07,13614.099609375
2020-04-08,13925.7001953125
2020-04-09,14166.599609375
2020-04-13,14075.900390625
2020-04-14,14258.400390625
2020-04-15,13958.599609375
2020-04-16,13899.2998046875
2020-04-17,14359.900390625
2020-04-20,14388.2998046875
2020-04-21,13940.099609375
2020-04-22,14288.2001953125
2020-04-23,14251.099609375
2020-04-24,14420.400390625
2020-04-27,14642.099609375
2020-04-28,14798.2998046875
2020-04-29,15228.099609375
2020-04-30,14780.7001953125
2020-05-01,14620.2998046875
2020-05-04,14745.0
2020-05-05,14811.599609375
2020-05-06,14830.7001953125
2020-05-07,14833.7001953125
2020-05-08,14966.599609375
2020-05-11,15103.2001953125
2020-05-12,14881.2001953125
2020-05-13,14503.2001953125
2020-05-14,14509.7001953125
2020-05-15,14638.900390625
2020-05-19,14885.5
2020-05-20,14997.599609375
2020-05-21,14884.900390625
2020-05-22,14913.599609375
2020-05-25,15075.400390625
2020-05-26,15148.099609375
2020-05-27,15272.0
2020-05-28,15262.7001953125
2020-05-29,15192.7998046875
2020-06-01,15236.2001953125
2020-06-02,15394.400390625
2020-06-03,15575.099609375
2020-06-04,15527.900390625
2020-06-05,15854.099609375
2020-06-08,15974.900390625
2020-06-09,15833.7001953125
2020-06-10,15701.2998046875
2020-06-11,15050.900390625
2020-06-12,15256.599609375
2020-06-15,15359.7001953125
2020-06-16,15515.7998046875
2020-06-17,15428.7001953125
2020-06-18,15479.7998046875
2020-06-19,15474.2001953125
2020-06-22,15516.900390625
2020-06-23,15564.7998046875
2020-06-24,15294.400390625
2020-06-25,15446.099609375
2020-06-26,15189.0
2020-06-29,15389.7001953125
2020-06-30,15515.2001953125
2020-07-02,15622.400390625
2020-07-03,15596.7998046875
2020-07-06,15669.7001953125
2020-07-07,15595.5
2020-07-08,15629.2001953125
2020-07-09,15568.599609375
2020-07-10,15713.7998046875
2020-07-13,15639.400390625
2020-07-14,15908.5
2020-07-15,16063.2998046875
2020-07-16,16024.5
2020-07-17,16123.5
2020-07-20,16183.7001953125
2020-07-21,16163.0
2020-07-22,16171.099609375
2020-07-23,16018.7001953125
2020-07-24,15997.099609375
2020-07-27,16161.2998046875
2020-07-28,16121.2998046875
2020-07-29,16294.7001953125
2020-07-30,16299.2998046875
2020-07-31,16169.2001953125
2020-08-04,16368.0
2020-08-05,16501.599609375
2020-08-06,16579.099609375
2020-08-07,16544.5
2020-08-10,16605.5
2020-08-11,16497.0
2020-08-12,16575.30078125
2020-08-13,16530.099609375
2020-08-14,16514.599609375
2020-08-17,16656.099609375
2020-08-18,16626.099609375
2020-08-19,16577.400390625
2020-08-20,16606.80078125
2020-08-21,16517.900390625
2020-08-24,16626.599609375
2020-08-25,16617.5
2020-08-26,16790.0
2020-08-27,16731.5
2020-08-28,16705.80078125
2020-08-31,16514.400390625
2020-09-01,16645.0
2020-09-02,16698.0
2020-09-03,16448.900390625
2020-09-04,16218.0
2020-09-08,16099.5
2020-09-09,16383.599609375
2020-09-10,16185.2998046875
2020-09-11,16222.5
2020-09-14,16360.099609375
2020-09-15,16431.30078125
2020-09-16,16295.7001953125
2020-09-17,16246.7001953125
2020-09-18,16199.0
2020-09-21,15981.7998046875
2020-09-22,16142.900390625
2020-09-23,15817.099609375
2020-09-24,15912.2998046875
2020-09-25,16065.400390625
2020-09-28,16242.7998046875
2020-09-29,16211.5
2020-09-30,16121.400390625
2020-10-01,16184.5
2020-10-02,16199.2998046875
2020-10-05,16410.19921875
2020-10-06,16236.099609375
2020-10-07,16428.30078125
2020-10-08,16534.5
2020-10-09,16562.80078125
2020-10-13,16510.80078125
2020-10-14,16455.400390625
2020-10-15,16501.0
2020-10-16,16438.80078125
2020-10-19,16274.099609375
2020-10-20,16273.2998046875
2020-10-21,16230.2001953125
2020-10-22,16279.400390625
2020-10-23,16304.099609375
2020-10-26,16079.599609375
2020-10-27,16020.900390625
2020-10-28,15586.599609375
2020-10-29,15670.7001953125
2020-10-30,15580.599609375
2020-11-02,15696.900390625
2020-11-03,15939.2001953125
2020-11-04,15998.7001953125
2020-11-05,16298.2001953125
2020-11-06,16282.7998046875
2020-11-09,16475.900390625
2020-11-10,16615.400390625
2020-11-11,16774.099609375
2020-11-12,16582.19921875
2020-11-13,16675.599609375
2020-11-16,16889.80078125
2020-11-17,16948.099609375
2020-11-18,16889.80078125
2020-11-19,16909.80078125
2020-11-20,17019.099609375
2020-11-23,17094.5
2020-11-24,17274.30078125
2020-11-25,17313.099609375
2020-11-26,17351.30078125
2020-11-27,17396.599609375
2020-11-30,17190.30078125
2020-12-01,17296.900390625
2020-12-02,17358.19921875
2020-12-03,17398.0
2020-12-04,17521.0
2020-12-07,17582.400390625
2020-12-08,17639.0
2020-12-09,17559.900390625
2020-12-10,17593.30078125
2020-12-11,17548.900390625
2020-12-14,17387.400390625
2020-12-15,17506.5
2020-12-16,17567.400390625
2020-12-17,17652.900390625
2020-12-18,17534.599609375
2020-12-21,17500.900390625
2020-12-22,17552.5
2020-12-23,17593.599609375
2020-12-24,17623.900390625
2020-12-29,17543.400390625
2020-12-30,17545.80078125
2020-12-31,17433.400390625
2021-01-04,17527.80078125
2021-01-05,17682.5
2021-01-06,17828.099609375
2021-01-07,18027.599609375
2021-01-08,18042.099609375
2021-01-11,17934.5
2021-01-12,17985.80078125
2021-01-13,17934.69921875
2021-01-14,17958.099609375
2021-01-15,17909.0
2021-01-18,17944.900390625
2021-01-19,17957.400390625
2021-01-20,18014.900390625
2021-01-21,17916.19921875
2021-01-22,17845.900390625
2021-01-25,17906.0
2021-01-26,17779.400390625
2021-01-27,17424.400390625
2021-01-28,17657.19921875
2021-01-29,17337.0
2021-02-01,17692.5
2021-02-02,17874.5
2021-02-03,17915.900390625
2021-02-04,18042.0
2021-02-05,18135.900390625
2021-02-08,18330.30078125
2021-02-09,18408.599609375
2021-02-10,18457.80078125
2021-02-11,18393.0
2021-02-12,18460.19921875
2021-02-16,18492.5
2021-02-17,18374.80078125
2021-02-18,18274.099609375
2021-02-19,18384.30078125
2021-02-22,18416.69921875
2021-02-23,18330.099609375
2021-02-24,18484.5
2021-02-25,18223.5
2021-02-26,18060.30078125
2021-03-01,18299.599609375
2021-03-02,18421.599609375
2021-03-03,18320.69921875
2021-03-04,18125.69921875
2021-03-05,18381.0
2021-03-08,18457.80078125
2021-03-09,18599.19921875
2021-03-10,18690.0
2021-03-11,18844.599609375
2021-03-12,18851.30078125
2021-03-15,18954.80078125
2021-03-16,18874.0
2021-03-17,18983.099609375
2021-03-18,18836.5
2021-03-19,18854.0
2021-03-22,18815.099609375
2021-03-23,18669.80078125
2021-03-24,18628.30078125
2021-03-25,18651.099609375
2021-03-26,18752.599609375
2021-03-29,18719.19921875
2021-03-30,18705.599609375
2021-03-31,18700.69921875
2021-04-01,18990.30078125
2021-04-05,19026.80078125
2021-04-06,19104.099609375
2021-04-07,19129.099609375
2021-04-08,19228.900390625
2021-04-09,19228.0
2021-04-12,19201.30078125
2021-04-13,19203.69921875
2021-04-14,19171.69921875
2021-04-15,19321.900390625
2021-04-16,19351.30078125
2021-04-19,19204.400390625
2021-04-20,19040.80078125
2021-04-21,19143.30078125
2021-04-22,19031.599609375
2021-04-23,19102.30078125
2021-04-26,19170.599609375
2021-04-27,19175.099609375
2021-04-28,19357.0
2021-04-29,19255.900390625
2021-04-30,19108.30078125
2021-05-03,19213.19921875
2021-05-04,19188.0
2021-05-05,19310.69921875
2021-05-06,19291.0
2021-05-07,19472.69921875
2021-05-10,19361.900390625
2021-05-11,19274.0
2021-05-12,19107.80078125
2021-05-13,19135.80078125
2021-05-14,19366.69921875
2021-05-17,19474.69921875
2021-05-18,19507.099609375
2021-05-19,19417.0
2021-05-20,19543.0
2021-05-21,19527.30078125
2021-05-25,19564.099609375
2021-05-26,19745.5
2021-05-27,19774.400390625
2021-05-28,19852.19921875
2021-05-31,19731.0
2021-06-01,19976.0
2021-06-02,19971.19921875
2021-06-03,19941.400390625
2021-06-04,20029.19921875
2021-06-07,20035.30078125
2021-06-08,20065.900390625
2021-06-09,20002.30078125
2021-06-10,20049.5
2021-06-11,20138.400390625
2021-06-14,20157.69921875
2021-06-15,20231.30078125
2021-06-16,20231.0
2021-06-17,20144.0
2021-06-18,19999.599609375
2021-06-21,20156.400390625
2021-06-22,20200.69921875
2021-06-23,20164.400390625
2021-06-24,20215.099609375
2021-06-25,20230.30078125
2021-06-28,20145.30078125
2021-06-29,20171.0
2021-06-30,20165.599609375
2021-07-02,20226.099609375
2021-07-05,20281.5
2021-07-06,20300.0
2021-07-07,20290.599609375
2021-07-08,20061.19921875
2021-07-09,20258.0
2021-07-12,20233.099609375
2021-07-13,20270.69921875
2021-07-14,20147.19921875
2021-07-15,20183.69921875
2021-07-16,19985.5
2021-07-19,19726.5
2021-07-20,19942.69921875
2021-07-21,20110.099609375
2021-07-22,20097.5
2021-07-23,20188.400390625
2021-07-26,20165.0
2021-07-27,20173.400390625
2021-07-28,20230.400390625
2021-07-29,20311.80078125
2021-07-30,20287.80078125
2021-08-03,20365.900390625
2021-08-04,20329.69921875
2021-08-05,20375.5
2021-08-06,20475.400390625
2021-08-09,20437.400390625
2021-08-10,20495.69921875
2021-08-11,20554.0
2021-08-12,20520.599609375
2021-08-13,20518.099609375
2021-08-16,20483.400390625
2021-08-17,20363.599609375
2021-08-18,20302.099609375
2021-08-19,20215.400390625
2021-08-20,20339.0
2021-08-23,20477.30078125
2021-08-24,20547.80078125
2021-08-25,20587.30078125
2021-08-26,20504.19921875
2021-08-27,20644.599609375
2021-08-30,20595.0
2021-08-31,20582.900390625
2021-09-01,20689.599609375
2021-09-02,20795.099609375
2021-09-03,20821.400390625
2021-09-07,20806.599609375
2021-09-08,20741.80078125
2021-09-09,20705.30078125
2021-09-10,20633.099609375
2021-09-13,20666.400390625
2021-09-14,20553.30078125
2021-09-15,20693.80078125
2021-09-16,20602.099609375
2021-09-17,20490.400390625
2021-09-20,20154.5
2021-09-21,20244.30078125
2021-09-22,20401.5
2021-09-23,20461.900390625
2021-09-24,20402.69921875
2021-09-27,20463.400390625
2021-09-28,20174.099609375
2021-09-29,20158.099609375
2021-09-30,20070.30078125
2021-10-01,20150.900390625
2021-10-04,20052.30078125
2021-10-05,20183.400390625
2021-10-06,20191.69921875
2021-10-07,20416.19921875
2021-10-08,20416.30078125
2021-10-12,20437.099609375
2021-10-13,20618.5
2021-10-14,20819.900390625
2021-10-15,20928.099609375
2021-10-18,20985.400390625
2021-10-19,21087.0
2021-10-20,21188.19921875
2021-10-21,21212.400390625
2021-10-22,21216.19921875
2021-10-25,21284.80078125
2021-10-26,21173.5
2021-10-27,20955.0
2021-10-28,21197.5
2021-10-29,21037.099609375
2021-11-01,21247.0
2021-11-02,21170.0
2021-11-03,21265.099609375
2021-11-04,21342.099609375
2021-11-05,21455.80078125
2021-11-08,21556.5
2021-11-09,21594.5
2021-11-10,21461.900390625
2021-11-11,21582.0
2021-11-12,21768.5
2021-11-15,21683.099609375
2021-11-16,21717.19921875
2021-11-17,21653.0
2021-11-18,21637.5
2021-11-19,21555.0
2021-11-22,21420.80078125
2021-11-23,21453.80078125
2021-11-24,21548.400390625
2021-11-25,21613.19921875
2021-11-26,21125.900390625
2021-11-29,21149.0
2021-11-30,20660.0
2021-12-01,20464.599609375
2021-12-02,20762.0
2021-12-03,20633.30078125
2021-12-06,20861.099609375
2021-12-07,21162.69921875
2021-12-08,21077.400390625
2021-12-09,20925.5
2021-12-10,20890.599609375
2021-12-13,20748.5
2021-12-14,20648.599609375
2021-12-15,20769.19921875
2021-12-16,20739.80078125
2021-12-17,20739.19921875
2021-12-20,20538.19921875
2021-12-21,20924.900390625
2021-12-22,21070.099609375
2021-12-23,21218.900390625
2021-12-24,21229.69921875
2021-12-29,21344.69921875
2021-12-30,21294.599609375
2021-12-31,21222.80078125
2022-01-04,21236.5
2022-01-05,21039.69921875
2022-01-06,21072.19921875
2022-01-07,21084.5
2022-01-10,21072.30078125
2022-01-11,21274.80078125
2022-01-12,21395.0
2022-01-13,21293.0
2022-01-14,21357.599609375
2022-01-17,21537.5
2022-01-18,21274.599609375
2022-01-19,21205.19921875
2022-01-20,21058.19921875
2022-01-21,20621.400390625
2022-01-24,20571.30078125
2022-01-25,20591.0
2022-01-26,20595.900390625
2022-01-27,20544.099609375
2022-01-28,20741.80078125
2022-01-31,21098.30078125
2022-02-01,21319.900390625
2022-02-02,21362.400390625
2022-02-03,21094.0
2022-02-04,21271.900390625
2022-02-07,21235.5
2022-02-08,21377.19921875
2022-02-09,21604.19921875
2022-02-10,21531.69921875
2022-02-11,21548.80078125
2022-02-14,21352.5
2022-02-15,21502.599609375
2022-02-16,21383.599609375
2022-02-17,21176.30078125
2022-02-18,21008.19921875
2022-02-22,20907.80078125
2022-02-23,20744.19921875
2022-02-24,20761.900390625
2022-02-25,21106.0
2022-02-28,21126.400390625
2022-03-01,21004.5
2022-03-02,21255.599609375
2022-03-03,21250.400390625
2022-03-04,21402.400390625
2022-03-07,21304.400390625
2022-03-08,21232.0
2022-03-09,21493.19921875
2022-03-10,21581.69921875
2022-03-11,21461.80078125
2022-03-14,21180.80078125
2022-03-15,21187.80078125
2022-03-16,21468.80078125
2022-03-17,21771.19921875
2022-03-18,21818.5
2022-03-21,22009.099609375
2022-03-22,22074.400390625
2022-03-23,21932.19921875
2022-03-24,21937.900390625
2022-03-25,22005.900390625
2022-03-28,21977.80078125
2022-03-29,22087.19921875
2022-03-30,22076.0
2022-03-31,21890.19921875
2022-04-01,21953.0
2022-04-04,22085.599609375
2022-04-05,21930.80078125
2022-04-06,21788.599609375
2022-04-07,21834.900390625
2022-04-08,21874.400390625
2022-04-11,21790.5
2022-04-12,21715.400390625
2022-04-13,21838.0
2022-04-14,21855.69921875
2022-04-18,21878.400390625
2022-04-19,22018.80078125
2022-04-20,21998.400390625
2022-04-21,21650.400390625
2022-04-22,21186.400390625
2022-04-25,21011.900390625
2022-04-26,20690.80078125
2022-04-27,20744.19921875
2022-04-28,21121.099609375
2022-04-29,20762.0
2022-05-02,20692.19921875
2022-05-03,20905.30078125
2022-05-04,21185.0
2022-05-05,20696.19921875
2022-05-06,20633.30078125
2022-05-09,19999.69921875
2022-05-10,19890.099609375
2022-05-11,19837.30078125
2022-05-12,19699.099609375
2022-05-13,20099.80078125
2022-05-16,20206.400390625
2022-05-17,20491.0
2022-05-18,20101.400390625
2022-05-19,20181.900390625
2022-05-20,20197.599609375
2022-05-24,20286.19921875
2022-05-25,20383.80078125
2022-05-26,20532.19921875
2022-05-27,20748.599609375
2022-05-30,20919.400390625
2022-05-31,20729.30078125
2022-06-01,20713.69921875
2022-06-02,21031.80078125
2022-06-03,20790.69921875
2022-06-06,20819.099609375
2022-06-07,20928.19921875
2022-06-08,20792.400390625
2022-06-09,20563.900390625
2022-06-10,20274.80078125
2022-06-13,19742.599609375
2022-06-14,19548.5
2022-06-15,19611.599609375
2022-06-16,19004.099609375
2022-06-17,18930.5
2022-06-20,19183.599609375
2022-06-21,19257.30078125
2022-06-22,19004.0
2022-06-23,18717.099609375
2022-06-24,19062.900390625
2022-06-27,19258.30078125
2022-06-28,19222.69921875
2022-06-29,19078.599609375
2022-06-30,18861.400390625
2022-07-04,19028.900390625
2022-07-05,18834.19921875
2022-07-06,18729.69921875
2022-07-07,19063.19921875
2022-07-08,19022.900390625
2022-07-11,18816.80078125
2022-07-12,18678.599609375
2022-07-13,18615.19921875
2022-07-14,18329.099609375
2022-07-15,18394.5
2022-07-18,18595.599609375
2022-07-19,18937.69921875
2022-07-20,19020.69921875
2022-07-21,19062.900390625
2022-07-22,18982.900390625
2022-07-25,19104.5
2022-07-26,18972.69921875
2022-07-27,19254.599609375
2022-07-28,19456.69921875
2022-07-29,19692.900390625
2022-08-02,19505.30078125
2022-08-03,19545.900390625
2022-08-04,19577.0
2022-08-05,19620.099609375
2022-08-08,19669.19921875
2022-08-09,19578.30078125
2022-08-10,19885.900390625
2022-08-11,19991.900390625
2022-08-12,20179.80078125
2022-08-15,20180.599609375
2022-08-16,20270.0
2022-08-17,20181.400390625
2022-08-18,20265.400390625
2022-08-19,20111.400390625
2022-08-22,19974.900390625
2022-08-23,19985.400390625
2022-08-24,20021.400390625
2022-08-25,20172.30078125
2022-08-26,19873.30078125
2022-08-29,19836.099609375
2022-08-30,19512.900390625
2022-08-31,19330.80078125
2022-09-01,19142.69921875
2022-09-02,19270.900390625
2022-09-06,19088.19921875
2022-09-07,19241.400390625
2022-09-08,19413.0
2022-09-09,19773.30078125
2022-09-12,19987.19921875
2022-09-13,19645.400390625
2022-09-14,19726.099609375
2022-09-15,19560.19921875
2022-09-16,19385.900390625
2022-09-19,19562.400390625
2022-09-20,19368.69921875
2022-09-21,19184.5
2022-09-22,19002.69921875
2022-09-23,18481.0
2022-09-26,18327.0
2022-09-27,18307.900390625
2022-09-28,18648.900390625
2022-09-29,18441.80078125
2022-09-30,18444.19921875
2022-10-03,18881.19921875
2022-10-04,19371.0
2022-10-05,19235.099609375
2022-10-06,18979.0
2022-10-07,18583.099609375
2022-10-11,18216.69921875
2022-10-12,18206.30078125
2022-10-13,18613.599609375
2022-10-14,18326.400390625
2022-10-17,18621.0
2022-10-18,18798.19921875
2022-10-19,18674.400390625
2022-10-20,18579.30078125
2022-10-21,18861.0
2022-10-24,18918.400390625
2022-10-25,19097.0
2022-10-26,19279.80078125
2022-10-27,19352.099609375
2022-10-28,19471.19921875
2022-10-31,19426.099609375
2022-11-01,19517.69921875
2022-11-02,19277.0
2022-11-03,19241.19921875
2022-11-04,19449.80078125
2022-11-07,19545.900390625
2022-11-08,19660.30078125
2022-11-09,19344.30078125
2022-11-10,19990.400390625
2022-11-11,20111.5
2022-11-14,19921.80078125
2022-11-15,19994.80078125
2022-11-16,19958.0
2022-11-17,19884.599609375
2022-11-18,19980.900390625
2022-11-21,19977.099609375
2022-11-22,20220.0
2022-11-23,20282.30078125
2022-11-24,20344.099609375
2022-11-25,20383.80078125
2022-11-28,20220.5
2022-11-29,20277.400390625
2022-11-30,20453.30078125
2022-12-01,20525.5
2022-12-02,20485.69921875
2022-12-05,20242.30078125
2022-12-06,19990.19921875
2022-12-07,19973.19921875
2022-12-08,19969.19921875
2022-12-09,19947.099609375
2022-12-12,20019.69921875
2022-12-13,20023.5
2022-12-14,19891.69921875
2022-12-15,19600.599609375
2022-12-16,19443.30078125
2022-12-19,19200.80078125
2022-12-20,19306.900390625
2022-12-21,19571.099609375
2022-12-22,19349.69921875
2022-12-23,19506.69921875
2022-12-28,19284.099609375
2022-12-29,19485.900390625
2022-12-30,19384.900390625
2023-01-03,19443.80078125
2023-01-04,19588.80078125
2023-01-05,19506.80078125
2023-01-06,19814.5
2023-01-09,19857.099609375
2023-01-10,19898.900390625
2023-01-11,20025.099609375
2023-01-12,20211.19921875
2023-01-13,20360.099609375
2023-01-16,20390.30078125
2023-01-17,20457.5
2023-01-18,20376.19921875
2023-01-19,20341.400390625
2023-01-20,20503.19921875
2023-01-23,20631.599609375
2023-01-24,20629.599609375
2023-01-25,20599.599609375
2023-01-26,20700.5
2023-01-27,20714.5
2023-01-30,20572.099609375
2023-01-31,20767.400390625
2023-02-01,20751.099609375
2023-02-02,20740.400390625
2023-02-03,20758.30078125
2023-02-06,20628.900390625
2023-02-07,20725.0
2023-02-08,20679.5
2023-02-09,20597.80078125
2023-02-10,20612.099609375
2023-02-13,20702.19921875
2023-02-14,20704.80078125
2023-02-15,20720.400390625
2023-02-16,20606.400390625
2023-02-17,20515.19921875
2023-02-21,20252.599609375
2023-02-22,20193.30078125
2023-02-23,20188.19921875
2023-02-24,20219.19921875
2023-02-27,20260.099609375
2023-02-28,20221.19921875
2023-03-01,20259.80078125
2023-03-02,20337.19921875
2023-03-03,20581.599609375
2023-03-06,20514.80078125
2023-03-07,20275.5
2023-03-08,20346.5
2023-03-09,20086.69921875
2023-03-10,19774.900390625
2023-03-13,19588.900390625
2023-03-14,19694.19921875
2023-03-15,19378.80078125
2023-03-16,19539.0
2023-03-17,19387.69921875
2023-03-20,19519.400390625
2023-03-21,19654.900390625
2023-03-22,19532.80078125
2023-03-23,19459.900390625
2023-03-24,19501.5
2023-03-27,19624.69921875
2023-03-28,19657.5
2023-03-29,19837.69921875
2023-03-30,19941.0
2023-03-31,20099.900390625
2023-04-03,20278.30078125
2023-04-04,20275.80078125
2023-04-05,20159.599609375
2023-04-06,20196.69921875
2023-04-10,20275.80078125
2023-04-11,20421.900390625
2023-04-12,20454.30078125
2023-04-13,20564.5
2023-04-14,20579.900390625
2023-04-17,20642.0
2023-04-18,20684.69921875
2023-04-19,20680.80078125
2023-04-20,20630.69921875
2023-04-21,20693.19921875
2023-04-24,20676.69921875
2023-04-25,20439.900390625
2023-04-26,20366.69921875
2023-04-27,20522.599609375
2023-04-28,20636.5
2023-05-01,20615.099609375
2023-05-02,20407.599609375
2023-05-03,20354.69921875
2023-05-04,20238.19921875
2023-05-05,20542.0
2023-05-08,20585.19921875
2023-05-09,20585.69921875
2023-05-10,20499.30078125
2023-05-11,20417.599609375
2023-05-12,20419.599609375
2023-05-15,20540.0
2023-05-16,20242.099609375
2023-05-17,20296.400390625
2023-05-18,20297.099609375
2023-05-19,20351.099609375
2023-05-23,20146.0
2023-05-24,19927.69921875
2023-05-25,19774.099609375
2023-05-26,19920.30078125
2023-05-29,19968.0
2023-05-30,19739.69921875
2023-05-31,19572.19921875
2023-06-01,19672.30078125
2023-06-02,20024.599609375
2023-06-05,19931.599609375
2023-06-06,20055.599609375
2023-06-07,19983.69921875
2023-06-08,19942.69921875
2023-06-09,19892.099609375
2023-06-12,19921.30078125
2023-06-13,19990.400390625
2023-06-14,20015.099609375
2023-06-15,20027.400390625
2023-06-16,19975.400390625
2023-06-19,19934.19921875
2023-06-20,19754.099609375
2023-06-21,19706.0
2023-06-22,19580.900390625
2023-06-23,19418.19921875
2023-06-26,19587.30078125
2023-06-27,19733.099609375
2023-06-28,19818.900390625
2023-06-29,19913.19921875
2023-06-30,20155.30078125
2023-07-04,20204.900390625
2023-07-05,20103.900390625
2023-07-06,19810.69921875
2023-07-07,19831.0
2023-07-10,19822.5
2023-07-11,19878.599609375
2023-07-12,20070.80078125
2023-07-13,20277.599609375
2023-07-14,20262.099609375
2023-07-17,20226.80078125
2023-07-18,20376.599609375
2023-07-19,20491.19921875
2023-07-20,20436.900390625
2023-07-21,20547.5
2023-07-24,20582.099609375
2023-07-25,20551.5
2023-07-26,20561.599609375
2023-07-27,20385.5
2023-07-28,20519.400390625
2023-07-31,20626.599609375
2023-08-01,20532.900390625
2023-08-02,20218.19921875
2023-08-03,20120.69921875
2023-08-04,20236.0
2023-08-08,20206.0
2023-08-09,20275.30078125
2023-08-10,20342.900390625
2023-08-11,20407.599609375
2023-08-14,20290.5
2023-08-15,19899.80078125
2023-08-16,19899.099609375
2023-08-17,19812.19921875
2023-08-18,19818.400390625
2023-08-21,19784.900390625
2023-08-22,19691.19921875
2023-08-23,19879.80078125
2023-08-24,19775.80078125
2023-08-25,19835.80078125
2023-08-28,20025.099609375
2023-08-29,20290.400390625
2023-08-30,20330.30078125
2023-08-31,20292.599609375
2023-09-01,20545.400390625
2023-09-05,20413.80078125
2023-09-06,20227.0
2023-09-07,20132.099609375
2023-09-08,20074.69921875
2023-09-11,20182.80078125
2023-09-12,20223.099609375
2023-09-13,20278.900390625
2023-09-14,20567.80078125
2023-09-15,20622.30078125
2023-09-18,20492.80078125
2023-09-19,20218.900390625
2023-09-20,20214.69921875
2023-09-21,19791.599609375
2023-09-22,19780.0
2023-09-25,19800.599609375
2023-09-26,19556.19921875
2023-09-27,19436.0
2023-09-28,19590.69921875
2023-09-29,19541.30078125
2023-10-02,19177.19921875
2023-10-03,19020.900390625
2023-10-04,19034.80078125
2023-10-05,19137.80078125
2023-10-06,19246.099609375
2023-10-10,19501.19921875
2023-10-11,19663.80078125
2023-10-12,19500.19921875
2023-10-13,19462.900390625
2023-10-16,19620.80078125
2023-10-17,19692.80078125
2023-10-18,19450.69921875
2023-10-19,19348.80078125
2023-10-20,19115.599609375
2023-10-23,19046.69921875
2023-10-24,18986.5
2023-10-25,18947.900390625
2023-10-26,18875.30078125
2023-10-27,18737.400390625
2023-10-30,18856.80078125
2023-10-31,18873.5
2023-11-01,19079.0
2023-11-02,19626.30078125
2023-11-03,19824.900390625
2023-11-06,19743.900390625
2023-11-07,19575.599609375
2023-11-08,19530.19921875
2023-11-09,19587.400390625
2023-11-10,19654.5
2023-11-13,19709.19921875
2023-11-14,20023.69921875
2023-11-15,20057.900390625
2023-11-16,20053.099609375
2023-11-17,20175.80078125
2023-11-20,20246.5
2023-11-21,20110.0
2023-11-22,20114.0
2023-11-23,20116.69921875
2023-11-24,20103.099609375
2023-11-27,20032.69921875
2023-11-28,20036.80078125
2023-11-29,20116.19921875
2023-11-30,20236.30078125
2023-12-01,20452.900390625
2023-12-04,20410.19921875
2023-12-05,20375.900390625
2023-12-06,20274.19921875
2023-12-07,20278.5
2023-12-08,20331.5
2023-12-11,20318.400390625
2023-12-12,20233.80078125
2023-12-13,20629.5
2023-12-14,20778.80078125
2023-12-15,20529.19921875
2023-12-18,20622.69921875
2023-12-19,20839.599609375
2023-12-20,20600.80078125
2023-12-21,20765.69921875
2023-12-22,20881.19921875
2023-12-27,21015.900390625
2023-12-28,20929.400390625
2023-12-29,20958.400390625
2024-01-02,20872.099609375
2024-01-03,20818.599609375
2024-01-04,20871.400390625
2024-01-05,20937.599609375
2024-01-08,21074.900390625
2024-01-09,20971.0
2024-01-10,20989.400390625
2024-01-11,20918.400390625
2024-01-12,20990.19921875
2024-01-15,21061.900390625
2024-01-16,20948.099609375
2024-01-17,20695.0
2024-01-18,20756.69921875
2024-01-19,20906.5
2024-01-22,20924.30078125
2024-01-23,21034.599609375
2024-01-24,21025.80078125
2024-01-25,21101.5
2024-01-26,21125.30078125
2024-01-29,21200.099609375
2024-01-30,21227.900390625
2024-01-31,21021.900390625
2024-02-01,21119.19921875
2024-02-02,21085.099609375
2024-02-05,20871.900390625
2024-02-06,20957.69921875
2024-02-07,20969.19921875
2024-02-08,20919.599609375
2024-02-09,21009.599609375
2024-02-12,21067.30078125
2024-02-13,20585.0
2024-02-14,20889.400390625
2024-02-15,21222.69921875
2024-02-16,21255.599609375
2024-02-20,21217.5
2024-02-21,21172.400390625
2024-02-22,21318.099609375
2024-02-23,21413.19921875
2024-02-26,21324.30078125
2024-02-27,21318.900390625
2024-02-28,21243.80078125
2024-02-29,21363.599609375
2024-03-01,21552.400390625
2024-03-04,21531.099609375
2024-03-05,21525.900390625
2024-03-06,21594.0
2024-03-07,21794.599609375
2024-03-08,21737.5
2024-03-11,21769.19921875
2024-03-12,21831.0
2024-03-13,21970.099609375
2024-03-14,21829.900390625
2024-03-15,21849.19921875
2024-03-18,21837.19921875
2024-03-19,21860.599609375
2024-03-20,22045.69921875
2024-03-21,22087.30078125
2024-03-22,21984.099609375
2024-03-25,21942.30078125
2024-03-26,21912.5
2024-03-27,22107.099609375
2024-03-28,22167.0
2024-04-01,22185.30078125
2024-04-02,22075.099609375
2024-04-03,22112.5
2024-04-04,22051.80078125
2024-04-05,22264.400390625
2024-04-08,22260.30078125
2024-04-09,22361.80078125
2024-04-10,22199.099609375
2024-04-11,22110.099609375
2024-04-12,21900.0
2024-04-15,21740.19921875
2024-04-16,21642.900390625
2024-04-17,21656.099609375
2024-04-18,21708.400390625
2024-04-19,21807.400390625
2024-04-22,21872.0
2024-04-23,22011.69921875
2024-04-24,21873.69921875
2024-04-25,21885.400390625
2024-04-26,21969.19921875
2024-04-29,22011.599609375
2024-04-30,21714.5
2024-05-01,21728.599609375
2024-05-02,21823.19921875
2024-05-03,21947.400390625
2024-05-06,22259.5
2024-05-07,22290.599609375
2024-05-08,22259.19921875
2024-05-09,22375.80078125
2024-05-10,22308.900390625
2024-05-13,22259.19921875
2024-05-14,22243.30078125
2024-05-15,22284.80078125
2024-05-16,22299.80078125
2024-05-17,22465.400390625
2024-05-21,22468.19921875
2024-05-22,22346.80078125
2024-05-23,22200.80078125
2024-05-24,22320.900390625
2024-05-27,22373.400390625
2024-05-28,22265.099609375
2024-05-29,21898.0
2024-05-30,22071.69921875
2024-05-31,22269.099609375
2024-06-03,22116.69921875
2024-06-04,21978.19921875
2024-06-05,22145.0
2024-06-06,22229.099609375
2024-06-07,22007.0
2024-06-10,22069.80078125
2024-06-11,21887.30078125
2024-06-12,21961.599609375
2024-06-13,21698.099609375
2024-06-14,21639.099609375
2024-06-17,21587.900390625
2024-06-18,21611.30078125
2024-06-19,21516.900390625
2024-06-20,21581.400390625
2024-06-21,21554.900390625
2024-06-24,21848.599609375
2024-06-25,21788.5
2024-06-26,21793.900390625
2024-06-27,21942.19921875
2024-06-28,21875.80078125
2024-07-02,21953.80078125
2024-07-03,22223.69921875
2024-07-04,22244.0
2024-07-05,22059.0
2024-07-08,22126.099609375
2024-07-09,22042.5
2024-07-10,22350.19921875
2024-07-11,22544.099609375
2024-07-12,22673.5
2024-07-15,22751.69921875
2024-07-16,22995.400390625
2024-07-17,22851.19921875
2024-07-18,22726.80078125
2024-07-19,22690.400390625
2024-07-22,22872.69921875
2024-07-23,22813.80078125
2024-07-24,22639.599609375
2024-07-25,22608.0
2024-07-26,22814.80078125
2024-07-29,22779.599609375
2024-07-30,22824.69921875
2024-07-31,23110.80078125
2024-08-01,22723.19921875
2024-08-02,22227.599609375
2024-08-06,21979.400390625
2024-08-07,21881.0
2024-08-08,22225.599609375
2024-08-09,22311.30078125
2024-08-12,22398.900390625
2024-08-13,22618.19921875
2024-08-14,22760.0
2024-08-15,23032.69921875
2024-08-16,23054.599609375
2024-08-19,23116.400390625
2024-08-20,23037.400390625
2024-08-21,23121.69921875
2024-08-22,23037.5
2024-08-23,23286.099609375
2024-08-26,23349.0
2024-08-27,23260.0
2024-08-28,23127.0
2024-08-29,23227.5
2024-08-30,23346.19921875
2024-09-03,23042.5
2024-09-04,23040.80078125
2024-09-05,22988.30078125
2024-09-06,22781.400390625
2024-09-09,23027.19921875
2024-09-10,23003.099609375
2024-09-11,23211.19921875
2024-09-12,23475.099609375
2024-09-13,23568.69921875
2024-09-16,23702.099609375
2024-09-17,23677.69921875
2024-09-18,23592.599609375
2024-09-19,23866.30078125
2024-09-20,23867.400390625
2024-09-23,23894.69921875
2024-09-24,23952.19921875
2024-09-25,23905.900390625
2024-09-26,24033.80078125
2024-09-27,23956.80078125
2024-09-30,24000.400390625
2024-10-01,24034.0
2024-10-02,24001.599609375
2024-10-03,23968.5
2024-10-04,24162.80078125
2024-10-07,24102.69921875
2024-10-08,24072.5
2024-10-09,24224.900390625
2024-10-10,24302.30078125
2024-10-11,24471.19921875
2024-10-15,24439.099609375
2024-10-16,24561.19921875
2024-10-17,24690.5
2024-10-18,24822.5
2024-10-21,24723.30078125
2024-10-22,24689.69921875
2024-10-23,24573.599609375
2024-10-24,24551.599609375
2024-10-25,24463.69921875
2024-10-28,24565.69921875
2024-10-29,24562.599609375
2024-10-30,24507.80078125
2024-10-31,24156.900390625
2024-11-01,24255.19921875
2024-11-04,24256.099609375
2024-11-05,24387.900390625
2024-11-06,24637.5
2024-11-07,24845.900390625
2024-11-08,24759.400390625
2024-11-11,24789.30078125
2024-11-12,24923.0
2024-11-13,24989.0
2024-11-14,25049.69921875
2024-11-15,24890.69921875
2024-11-18,24976.900390625
2024-11-19,25010.80078125
2024-11-20,25036.5
2024-11-21,25390.69921875
2024-11-22,25444.30078125
2024-11-25,25410.400390625
2024-11-26,25405.099609375
2024-11-27,25488.30078125
2024-11-28,25543.5
2024-11-29,25648.0
2024-12-02,25590.30078125
2024-12-03,25635.69921875
2024-12-04,25641.19921875
2024-12-05,25680.0
2024-12-06,25691.80078125
2024-12-09,25625.400390625
2024-12-10,25504.30078125
2024-12-11,25657.69921875
2024-12-12,25410.69921875
2024-12-13,25274.30078125
2024-12-16,25147.19921875
2024-12-17,25119.69921875
2024-12-18,24557.0
2024-12-19,24413.900390625
2024-12-20,24599.5
2024-12-23,24749.0
2024-12-24,24846.80078125
2024-12-27,24796.400390625
2024-12-30,24620.599609375
2024-12-31,24727.900390625
2025-01-02,24898.0
2025-01-03,25073.5
2025-01-06,24999.80078125
2025-01-07,24929.900390625
2025-01-08,25051.69921875
2025-01-09,25073.400390625
2025-01-10,24767.69921875
2025-01-13,24536.30078125
2025-01-14,24588.599609375
2025-01-15,24789.30078125
2025-01-16,24846.19921875
2025-01-17,25067.900390625
2025-01-20,25130.80078125
2025-01-21,25281.599609375
2025-01-22,25311.5
2025-01-23,25434.099609375
2025-01-24,25468.5
2025-01-27,25289.19921875
2025-01-28,25419.5
2025-01-29,25473.30078125
2025-01-30,25808.30078125
2025-01-31,25533.099609375
2025-02-03,25241.80078125
2025-02-04,25279.400390625
2025-02-05,25569.80078125
2025-02-06,25534.5
2025-02-07,25442.900390625
2025-02-10,25658.900390625
2025-02-11,25631.80078125
2025-02-12,25563.099609375
2025-02-13,25698.5
2025-02-14,25483.19921875
2025-02-18,25648.80078125
2025-02-19,25626.19921875
2025-02-20,25514.099609375
2025-02-21,25147.0
2025-02-24,25151.30078125
2025-02-25,25204.0
2025-02-26,25328.400390625
2025-02-27,25128.19921875
2025-02-28,25393.5
2025-03-03,25001.599609375
2025-03-04,24572.0
2025-03-05,24870.80078125
2025-03-06,24584.0
2025-03-07,24758.80078125
2025-03-10,24380.69921875
2025-03-11,24248.19921875
2025-03-12,24423.30078125
2025-03-13,24203.19921875
2025-03-14,24553.400390625
2025-03-17,24785.099609375
2025-03-18,24706.099609375
2025-03-19,25069.19921875
2025-03-20,25060.19921875
2025-03-21,24968.5
2025-03-24,25304.099609375
2025-03-25,25339.5
2025-03-26,25161.099609375
2025-03-27,25161.099609375
2025-03-28,24759.19921875
2025-03-31,24917.5
2025-04-01,25033.30078125
2025-04-02,25307.19921875
2025-04-03,24335.80078125
2025-04-04,23193.5
2025-04-07,22859.5
2025-04-08,22506.900390625
2025-04-09,23727.0
2025-04-10,23014.900390625
2025-04-11,23587.80078125
2025-04-14,23866.5
2025-04-15,24067.900390625
2025-04-16,24106.80078125
2025-04-17,24192.80078125
2025-04-21,24008.900390625
2025-04-22,24306.0
2025-04-23,24472.69921875
2025-04-24,24727.5
2025-04-25,24710.5
2025-04-28,24798.599609375
2025-04-29,24874.5
2025-04-30,24841.69921875
2025-05-01,24795.599609375
2025-05-02,25031.5
2025-05-05,24953.5
2025-05-06,24974.69921875
2025-05-07,25161.19921875
2025-05-08,25254.099609375
2025-05-09,25357.69921875
2025-05-12,25532.19921875
2025-05-13,25616.900390625
2025-05-14,25692.5
2025-05-15,25897.5
2025-05-16,25971.900390625
2025-05-20,26055.599609375
2025-05-21,25839.19921875
2025-05-22,25854.0
2025-05-23,25880.0
2025-05-26,26098.400390625
2025-05-27,26269.0
2025-05-28,26283.5
2025-05-29,26210.599609375
2025-05-30,26175.099609375
2025-06-02,26389.0
2025-06-03,26426.599609375
2025-06-04,26329.0
2025-06-05,26342.30078125
2025-06-06,26429.099609375
2025-06-09,26375.80078125
2025-06-10,26426.30078125
2025-06-11,26524.19921875
2025-06-12,26615.80078125
2025-06-13,26504.400390625
2025-06-16,26568.599609375
2025-06-17,26541.400390625
2025-06-18,26559.900390625
2025-06-19,26503.30078125
2025-06-20,26497.599609375
2025-06-23,26609.400390625
2025-06-24,26718.599609375
2025-06-25,26566.30078125
2025-06-26,26752.0
2025-06-27,26692.30078125
2025-06-30,26857.099609375
2025-07-02,26869.69921875
2025-07-03,27034.30078125
2025-07-04,27050.900390625
2025-07-07,27020.30078125
2025-07-08,26903.599609375
2025-07-09,26972.30078125
2025-07-10,27082.30078125
2025-07-11,27023.30078125
2025-07-14,27198.900390625
2025-07-15,27054.099609375
2025-07-16,27153.0
2025-07-17,27386.900390625
2025-07-18,27314.0
2025-07-21,27317.0
2025-07-22,27364.400390625
2025-07-23,27416.400390625
2025-07-24,27372.30078125
2025-07-25,27494.400390625
2025-07-28,27405.400390625
2025-07-29,27539.900390625
2025-07-30,27370.0
2025-07-31,27259.80078125
2025-08-01,27020.400390625
2025-08-05,27570.099609375
2025-08-06,27920.900390625
2025-08-07,27761.30078125
2025-08-08,27758.69921875
2025-08-11,27775.19921875
2025-08-12,27921.30078125
2025-08-13,27993.400390625
2025-08-14,27916.0
2025-08-15,27905.5
2025-08-18,27922.900390625
2025-08-19,27823.900390625
2025-08-20,27878.80078125
2025-08-21,28055.400390625
2025-08-22,28333.099609375
2025-08-25,28169.900390625
2025-08-26,28339.900390625
2025-08-27,28433.0
2025-08-28,28434.80078125
2025-08-29,28564.5
2025-09-02,28615.599609375
2025-09-03,28751.400390625
2025-09-04,28915.900390625
2025-09-05,29050.599609375
2025-09-08,29027.69921875
2025-09-09,29063.0
2025-09-10,29179.400390625
2025-09-11,29407.900390625
2025-09-12,29283.80078125
2025-09-15,29431.0
2025-09-16,29315.19921875
2025-09-17,29321.69921875
2025-09-18,29453.5
2025-09-19,29768.400390625
2025-09-22,29959.0
2025-09-23,29815.599609375
2025-09-24,29757.0
2025-09-25,29732.0
2025-09-26,29761.30078125
2025-09-29,29971.900390625
2025-09-30,30022.80078125
2025-10-01,30107.69921875
2025-10-02,30160.599609375
2025-10-03,30471.69921875
2025-10-06,30531.900390625
2025-10-07,30351.69921875
2025-10-08,30502.0
2025-10-09,30270.0
2025-10-10,29850.900390625
2025-10-14,30353.599609375
2025-10-15,30637.099609375
2025-10-16,30458.80078125
2025-10-17,30108.5
2025-10-20,30416.400390625
2025-10-21,29888.80078125
2025-10-22,29983.0
2025-10-23,30186.30078125
2025-10-24,30353.099609375
2025-10-27,30275.80078125
2025-10-28,30419.69921875
2025-10-29,30144.80078125
2025-10-30,30179.0
2025-10-31,30260.69921875
2025-11-03,30275.099609375
2025-11-04,29777.80078125
2025-11-05,30103.5
2025-11-06,29868.599609375
2025-11-07,29912.19921875
2025-11-10,30316.599609375
2025-11-11,30409.30078125
2025-11-12,30827.599609375
2025-11-13,30253.599609375
2025-11-14,30326.5
2025-11-17,30076.19921875
2025-11-18,30036.5
2025-11-19,30278.400390625
2025-11-20,29906.599609375
2025-11-21,30160.69921875
2025-11-24,30604.400390625
2025-11-25,30900.69921875
2025-11-26,31180.30078125
2025-11-27,31216.19921875
2025-11-28,31382.80078125
2025-12-01,31101.80078125
2025-12-02,31049.30078125
2025-12-03,31160.5
2025-12-04,31477.599609375
2025-12-05,31311.400390625
2025-12-08,31170.0
2025-12-09,31244.400390625
2025-12-10,31490.900390625
2025-12-11,31660.69921875
2025-12-12,31527.400390625
2025-12-15,31483.400390625
2025-12-16,31263.900390625
2025-12-17,31250.0
2025-12-18,31440.900390625
2025-12-19,31755.80078125
2025-12-22,32000.099609375
2025-12-23,32058.69921875
2025-12-24,31999.80078125
2025-12-29,31896.599609375
2025-12-30,31866.30078125
2025-12-31,31712.80078125
2026-01-02,31883.400390625
2026-01-05,32220.0
2026-01-06,32407.0
2026-01-07,32135.5
2026-01-08,32378.599609375
2026-01-09,32612.900390625
2026-01-12,32874.69921875
2026-01-13,32870.3984375
2026-01-14,32916.5
2026-01-15,33028.8984375
2026-01-16,33040.6015625
2026-01-19,33091.0
2026-01-20,32750.30078125
2026-01-21,32851.5
2026-01-22,33002.69921875
2026-01-23,33145.0
2026-01-26,33093.30078125
2026-01-27,33096.3984375
2026-01-28,33176.1015625
2026-01-29,33016.1015625
2026-01-30,31923.5
2026-02-02,32183.900390625
2026-02-03,32388.599609375
2026-02-04,32571.599609375
2026-02-05,31994.599609375
2026-02-06,32471.0
2026-02-09,33023.30078125
2026-02-10,33256.80078125
2026-02-11,33254.19921875
2026-02-12,32465.30078125
2026-02-13,33073.69921875
2026-02-17,32896.6015625
2026-02-18,33389.69921875
2026-02-19,33595.0
2026-02-20,33817.5
2026-02-23,33776.5
2026-02-24,33970.3984375
2026-02-25,34127.30078125
2026-02-26,34502.0
2026-02-27,34340.0
2026-03-02,34541.30078125
2026-03-03,33784.8984375
2026-03-04,33942.8984375
2026-03-05,33610.0
2026-03-06,33083.69921875
2026-03-09,33189.30078125
2026-03-10,33270.69921875
2026-03-11,33119.80078125
2026-03-12,32840.6015625
2026-03-13,32541.900390625
2026-03-16,32876.69921875
2026-03-17,32929.1015625
2026-03-18,32312.69921875
2026-03-19,31855.0
2026-03-20,31317.400390625
2026-03-23,31883.80078125
2026-03-24,31941.599609375
2026-03-25,32382.599609375
2026-03-26,31887.5
2026-03-27,31960.69921875
2026-03-30,31934.900390625
2026-03-31,32768.0
2026-04-01,32958.0
2026-04-02,33108.19921875
2026-04-06,33182.0
2026-04-07,33237.5
2026-04-08,33620.6015625
2026-04-09,33477.69921875
2026-04-10,33695.80078125
2026-04-13,33879.19921875
2026-04-14,34102.3984375
2026-04-15,34156.0
2026-04-16,34052.19921875
2026-04-17,34346.30078125
2026-04-20,34360.0
2026-04-21,33808.30078125
2026-04-22,33955.1015625
2026-04-23,33912.8984375
2026-04-24,33904.1015625
2026-04-27,33818.19921875
2026-04-28,33584.30078125
2026-04-29,33318.3984375
2026-04-30,33964.30078125
2026-05-01,33891.19921875
2026-05-04,33638.8984375
2026-05-05,33566.8984375
2026-05-06,33981.80078125
2026-05-07,33856.6015625
2026-05-08,34077.80078125
2026-05-11,34138.8984375
2026-05-12,34290.69921875
2026-05-13,34041.3984375
2026-05-14,34268.30078125
2026-05-15,33833.3984375
2026-05-19,33741.19921875
2026-05-20,34161.80078125
2026-05-21,34409.5
2026-05-22,34471.3984375
2026-05-25,34724.80078125
2026-05-26,34653.8984375
2026-05-27,34412.1015625
2026-05-28,34517.69921875
2026-05-29,34769.1015625
2026-06-01,34734.8984375
2026-06-02,35169.5
2026-06-03,34801.5
2026-06-04,35217.1015625
2026-06-05,34413.5
2026-06-08,34478.69921875
2026-06-09,34411.69921875
2026-06-10,34151.30078125
2026-06-11,34671.5
2026-06-12,34937.8984375
2026-06-15,35275.6015625
2026-06-16,35389.6015625
2026-06-17,35125.1015625
2026-06-18,34969.30078125
2026-06-19,34968.8984375
2026-06-22,35002.19921875
2026-06-23,34927.3984375
2026-06-24,34736.1015625
2026-06-25,34850.19921875
2026-06-26,34980.0
2026-06-29,34823.80078125
2026-06-30,34857.0
2026-07-02,34966.69921875
2026-07-03,35247.30078125
2026-07-06,35212.30078125
2026-07-07,35272.6015625
2026-07-08,34935.80078125
2026-07-09,35200.5
2026-07-10,35305.30078125
2026-07-13,35252.69921875
2026-07-14,35320.5
2026-07-15,35416.19921875
2026-07-16,35340.19921875
2026-07-17,35263.8984375
2026-07-20,34960.30078125
2026-07-21,35369.1015625
2026-07-22,35485.1015625
2026-07-23,35192.69921875
2026-07-24,35369.1015625
2026-07-27,35568.1015625
2026-07-28,35749.69921875
2026-07-29,35333.80078125
2026-07-30,35505.80078125
2026-07-31,35226.1015625
2026-08-04,35801.6015625
2026-08-05,36146.3984375
2026-08-06,36136.30078125
2026-08-07,36381.19921875
2026-08-10,36458.30078125
2026-08-11,36475.8984375
2026-08-12,36662.1015625
2026-08-13,36759.30078125
2026-08-14,36730.30078125
2026-08-17,36667.8984375
2026-08-18,36367.8984375
2026-08-19,36401.80078125
2026-08-20,36365.3984375
2026-08-21,36620.19921875
2026-08-24,36714.1015625
2026-08-25,36957.6015625
2026-08-26,36813.69921875
2026-08-27,36834.30078125
2026-08-28,36553.8984375
2026-08-31,36270.5
2026-09-01,35825.69921875
2026-09-02,36091.6015625
2026-09-03,36633.12109375
